2,"Cigxqyb Ryèqles","ny54v784@i2a5u.fr",,,"Ùèômyùbùmyjaahn","0266969287",,"16/07/2024","Membres actifs"
3,"Sknafqz Bjévdap","58co9d00@2h9u7.fr",,,"Kbyxètumnmvtnèk","0892417941",,"16/07/2024","Membres actifs"
4,"Agpqyxd Ddqmbjfn","838ibezi@tb9kd.fr",,,"Mpyczbcliptvmrs","0156106773","Oui","16/07/2024","Membres actifs"
5,"Ioàdqr Ndojkèo","jehx1e8d@df0v2.fr",,,"Veyrvléfwuqsgbà","0646164226",,"16/07/2024","Membres actifs"
6,"Sdgcued Afaskrm","ifskbkzn@efkn9.fr",,,"Xmdkcbaeùùklako","0003284276",,"16/07/2024","Membres actifs"
7,"Buôcwzp Ôèheéyb","9xmi6873@nvjo3.fr",,,"Eimyàekibùdcmié","0518834368",,"16/07/2024","Membres actifs"
8,"Àqyxytu Jùéaàvi","iuy7dn07@y3p5r.fr",,,"Hcàcokjyzmotuas","0709486150",,"16/07/2024","Membres actifs"
9,"Iùedqzo Gfônfvyr","6bpws6l0@rsmb9.fr",,,"Yzklyèyhôhtoààx","0816874131",,"16/07/2024","Membres actifs"
10,"Xslqlé Fpvgzh","r6rhp9gi@tghcl.fr",,,"Pouqékprnlpfhaq","0219544453",,"16/07/2024","Membres actifs"
11,"Bàmigcm Ungixlèn","6n2wuqfa@n4j8f.fr",,,"Ondqrôùaqseàéhb","0270680984",,"16/07/2024","Membres actifs"
12,"Rpoua Gtzàoz","8ib21gmy@mb9hl.fr",,,"Zekyysgtubjyzbà","0302512310",,"16/07/2024","Membres actifs"
13,"Inéxuvu Qthphàà","dz49d5cl@6yj2h.fr",,,"Wùoyôlswyxcahyv","0676976996",,"16/07/2024","Membres actifs"
14,"Ejriéj Ukjndôb","twj8xz0u@z0vvb.fr",,,"Aéjoiuminfkenru","0824770235","Oui","16/07/2024","Membres actifs"
15,"Fnfejw Mdsfxàz","ae750blr@8itrg.fr",,,"Yqwrqwtwkfrubsy","0039848381",,"16/07/2024","Membres actifs"
16,"Shsnu Itrowl","f0qrs8hw@oczr3.fr",,,"Nyuybvmbavbmity","0964931747",,"16/07/2024","Membres actifs"
17,"Yàcàpàù Sqcômtsg","1ak8u1lq@w82lf.fr",,,"Niblxjèopbéqùjô","0716965471",,"16/07/2024","Membres actifs"
18,"Cnzbzn Iwpqyô","dgpxbdlc@qydvs.fr",,,"Wéèughjèeqsaéqg","0810025878",,"16/07/2024","Membres actifs"
19,"Àpuccfc Cranèez","zheevx8a@2w6cd.fr",,,"Ènmgjqbfieléxmù","0947004382",,"16/07/2024","Membres actifs"
20,"Eùôttà Zsènbir","pbbdkysm@9osn3.fr",,,"Gqceqpkcèmfgéôc","0241339326",,"16/07/2024","Membres actifs"
21,"Àsrdz Ewlnme","37y3w4bu@s0hb7.fr",,,"Voùuhùmàtôhiaks","0184415325",,"16/07/2024","Membres actifs"
22,"Zààkgzl Brmktùfz","wkwbgi10@0wjod.fr",,,"Édàorbpmépmèoaà","0371861851",,"16/07/2024","Membres actifs"
23,"Tèuhn Nyéùtn","0f409nje@wgg1s.fr",,,"Lùwmqaiwcnôôoéo","0969314161",,"16/07/2024","Membres actifs"
24,"Nemqga Faizèit","xun1b0z6@v4zkw.fr",,,"Mhaocryéniefpôy","0768837856",,"16/07/2024","Membres actifs"
25,"Entuôyu Jnonhku","g7tx3dxa@dlvuy.fr",,,"Jugwfiqèyjxohqw","0954287384","Oui","16/07/2024","Membres actifs"
26,"Qbutzl Ldpéôoz","2l4w3byk@8n73z.fr",,,"Plxxàmsqhtrrvko","0590820390",,"16/07/2024","Membres actifs"
27,"Cxôvq Méaômf","iacmt8up@cx9lq.fr",,,"Xjpgèadvàoéxqôé","0344951418",,"16/07/2024","Membres actifs"
28,"Ubidzàè Eùrttèb","50lxyl8w@jol8f.fr",,,"Vfqvôeekôwknmij","0893840571","Oui","16/07/2024","Membres actifs"
29,"Ùèvmcvs Bcôoyècs","nidapons@7paxc.fr",,,"Kspjouùédàèwgfa","0421930052","Oui","16/07/2024","Membres actifs"
30,"Xhùecè Sdqvcwu","3aurs2tv@6pr5n.fr",,,"Thuckyghzihvsél","0823823136",,"16/07/2024","Membres actifs"
31,"Uzùfi Cfrslu","8330zapw@wdr85.fr",,,"Wazùsxéonùùdfyg","0747969866",,"16/07/2024","Membres actifs"
32,"Éuoetu Cètjàd","zkmo6b3q@tv65t.fr",,,"Bézicbtqxdséghq","0416634086",,"16/07/2024","Membres actifs"
33,"Ymkitu Zwaayo","i8n3scgc@f01sj.fr",,,"Hrsvhédhamlfvdp","0940975325",,"16/07/2024","Membres actifs"
34,"Àuojjjn Lcidàmr","ic3l6p4w@ubpoi.fr",,,"Ahùjsàtbyùamàôo","0813242231",,"16/07/2024","Membres actifs"
35,"Cibmjut Wchùdùn","4oe1h4tl@ltkqf.fr",,,"Éqwzzxfsèhmieuv","0947581627",,"16/07/2024","Membres actifs"
36,"Saxbèhd Ctyèxwv","ticnl9vf@6rj5k.fr",,,"Htvjeàbzkôpkxss","0981687647",,"16/07/2024","Membres actifs"
37,"Ôbièmé Icséxi","ld711cwy@2kwxs.fr",,,"Apoihrsnmehuskb","0569812726",,"16/07/2024","Membres actifs"
38,"Kibôc Jgchie","mjge0y7w@3uj1m.fr",,,"Idkoikôéùxrndiu","0598800295",,"16/07/2024","Membres actifs"
39,"Wfhpwàn Oboyaôhs","gzwyq51x@s187q.fr",,,"Soàwymaénôubkub","0330735130",,"16/07/2024","Membres actifs"
40,"Ukhbfnt Àpàowgg","zddkrfu1@5iai5.fr",,,"Spykvàéhnàdocjt","0732574518",,"16/07/2024","Membres actifs"
41,"Qfhàoô Gdfônpb","608jjey4@7efvr.fr",,,"Igpèjàbgbzpouby","0878061182",,"16/07/2024","Membres actifs"
42,"Pôwuoàb Èéoàklov","qxzj0c47@tgmdy.fr",,,"Gicjàgviskàstnh","0076325212",,"16/07/2024","Membres actifs"
43,"Eynkhg Ylkprzv","ilcbn7oh@oq2zm.fr",,,"Anôqôftgborkwàt","0821921840",,"16/07/2024","Membres actifs"
44,"Cèèrxwv Tasjjjrt","qlavgysx@i1sg7.fr",,,"Avàgaxcbtèfgzhk","0864541186",,"16/07/2024","Membres actifs"
45,"Juntafz Khgléùè","0g01mmjx@hmlu3.fr",,,"Gkputlpnkaqzygu","0334745330",,"16/07/2024","Membres actifs"
46,"Naèèwv Ovôxsnr","jepuvv8z@2bskf.fr",,,"Gdghoqkrrmkeèùy","0631034631",,"16/07/2024","Membres actifs"
47,"Càélnzw Huéfwvad","xxmv5rhc@b0q7w.fr",,,"Mwfèurkxbwpsjgb","0930954230",,"16/07/2024","Membres actifs"
48,"Arzpjz Uôdflu","wy9a2am1@b8d61.fr",,,"Opzwwjhézkifkqo","0802421273",,"16/07/2024","Membres actifs"
49,"Mgxebj Wppévga","nounwe5m@f6pev.fr",,,"Xoqdilpyzlslbfu","0181363946",,"16/07/2024","Membres actifs"
50,"Rlajvb Fzgqbhu","t2r93grj@j61zc.fr",,,"Pwzxxupzbiaùuôp","0714452664",,"16/07/2024","Membres actifs"
51,"Édùnf Koéôla","3dtoh8c2@l93b9.fr",,,"Ézikidvemkluvzù","0392025707",,"16/07/2024","Membres actifs"
52,"Vjqxsvp Jèqrvce","mrza48mb@8ir8l.fr",,,"Czhzgeipspùfeob","0347336595",,"16/07/2024","Membres actifs"
53,"Awbwbuy Ssyrqnbù","yhvg06jv@mpuz3.fr",,,"Vyàlvbnzuuéysqa","0780771730",,"16/07/2024","Membres actifs"
54,"Qùwyf Zùsarô","evybvdv3@0xc59.fr",,,"Oqmumecujzodgpà","0632784515",,"16/07/2024","Membres actifs"
55,"Hùùipu Tpczgx","oqimcpqe@5d8oy.fr",,,"Stjèèbcwknznnfv","0146631272",,"16/07/2024","Membres actifs"
56,"Kdbutk Juvcmbé","sbzjagvk@s8s1t.fr",,,"Nhkdseavhàvywep","0375089632",,"16/07/2024","Membres actifs"
57,"Ùôktuèo Oèèdàùht","008bjojz@3o9rt.fr",,,"Lôqmgbèéômeyxkt","0846501065",,"16/07/2024","Membres actifs"
58,"Ffzàik Aùleve","8dwvjiqd@61kl4.fr",,,"Suaôgbàwèhésxùp","0105631308",,"16/07/2024","Membres actifs"
59,"Kuvàjxr Rkqàbébg","1nqq4p7s@gcuqk.fr",,,"Kjcpyqmzxzrytww","0302834100",,"16/07/2024","Membres actifs"
60,"Ùeyrrll Jièoùàtg","aintnady@ir5jr.fr",,,"Pajébduvcihmmôo","0238941004",,"16/07/2024","Membres actifs"
61,"Àvàovzw Ôskzwlgs","3sa0pbkj@p5vxv.fr",,,"Èhsgqôrmrjlzôwj","0570853458",,"16/07/2024","Membres actifs"
62,"Fèfvcp Èélaùfy","h72aht24@yv6g1.fr",,,"Éwalemdyfyrslàr","0342058059",,"16/07/2024","Membres actifs"
63,"Iôèmièl Snfxtiw","v08g3zh3@bgbxv.fr",,,"Vsènfàifôyatzpô","0958422325",,"16/07/2024","Membres actifs"
64,"Ràèjvpn Tràoàvm","6v8uc6bl@o3i3s.fr",,,"Èxùluvbtjlirlfà","0614590793",,"16/07/2024","Membres actifs"
65,"Tèpôg Mèxpjp","7n0xcy30@vi32h.fr",,,"Èddnniwzmjxàlod","0609518760",,"16/07/2024","Membres actifs"
66,"Cbgkéj Ggônàd","sooqorqr@4raxe.fr",,,"Vncjcwcnétgmécn","0031597146",,"16/07/2024","Membres actifs"
67,"Sagnbg Mulnjgi","f6knc3mg@zm1hl.fr",,,"Ùrnéèvbàvbytmùh","0657941357",,"16/07/2024","Membres actifs"
68,"Phfxjs Qàedèiz","xpfbll1y@setuu.fr",,,"Èdàévùixabgvbxk","0343236680",,"16/07/2024","Membres actifs"
69,"Rxxmif Ynkôpfd","gpnij7ej@w4tyw.fr",,,"Hènôgôwxèùrélàj","0694605744",,"16/07/2024","Membres actifs"
70,"Ànlùhph Yeakpàue","ouctfxi0@n93q6.fr",,,"Zbcypohhglzsaxè","0575826937",,"16/07/2024","Membres actifs"
71,"Psuôym Imdzéj","qehxbd6t@4dlou.fr",,,"Skpuvcuptmfôuàô","0098003653",,"16/07/2024","Membres actifs"
72,"Xychgbù Xkbnbeb","84643ndw@kq8km.fr",,,"Vbkàoôzvazmexav","0493197077",,"16/07/2024","Membres actifs"
73,"Àjwnônw Xôvôprq","ybr2xahx@ju60y.fr",,,"Jhfbqiazmnsddbj","0177314912",,"16/07/2024","Membres actifs"
74,"Wflvpb Mcszpù","zab4p9by@b3cri.fr",,,"Àocmgàloèkfwlip","0943324760",,"16/07/2024","Membres actifs"
75,"Moguoru Kcroèbe","iy9ln0gm@xocow.fr",,,"Yhpùbobplcuàavn","0074455119",,"16/07/2024","Membres actifs"
76,"Dnasùp Xoaôdbr","2exipmq9@zzlpf.fr",,,"Zuplùdgyewèiùfg","0777552741","Oui","16/07/2024","Membres actifs"
77,"Sblayiè Mlôgèka","ntxl9ohu@37v2i.fr",,,"Sqsppôkpaômudoà","0386925067",,"16/07/2024","Membres actifs"
78,"Ùddlbf Ragniyu","krg44lcl@d73ex.fr",,,"Éugnpayélhcuwdp","0488513928",,"16/07/2024","Membres actifs"
79,"Ùdjàxmq Bpjaymuq","eyjnauhg@b0tig.fr",,,"Iweùguôvutnépsg","0270471138",,"16/07/2024","Membres actifs"
80,"Eègjzv Nnoaly","vdisxep5@83m87.fr",,,"Fiupnpbùhùinoha","0273834048",,"16/07/2024","Membres actifs"
81,"Xcquawé Eqôùôôt","n91rmjnn@haym5.fr",,,"Qotykddygpbéyob","0349720162",,"16/07/2024","Membres actifs"
82,"Jggydà Gucgwn","1i014q4a@lg7bh.fr",,,"Tàaéédwpvbùqkdù","0748449161",,"16/07/2024","Membres actifs"
83,"Uahhàvn Gqhcfzho","3iznnpxa@3f0a4.fr",,,"Ùwuôoolelvbhmfv","0052766432",,"16/07/2024","Membres actifs"
84,"Mljaaar Ylkhdpm","qjpvt10i@m3hq7.fr",,,"Iègàyldàcdgtlme","0007455909",,"16/07/2024","Membres actifs"
85,"Sjunxf Tazxuv","d8g1baeg@euc49.fr",,,"Hnopaveozfjcquf","0101471076","Oui","16/07/2024","Membres actifs"
86,"Gxwdùhu Zédfàdrè","3vsj6otv@9is91.fr",,,"Kfuxgméyxevphhu","0807647685",,"16/07/2024","Membres actifs"
87,"Ôàldoz Àqmobi","yv1uql4m@aum62.fr",,,"Mftjcskvirulzôu","0024472214",,"16/07/2024","Membres actifs"
88,"Éguyawq Ôqfbugg","cri1o9ys@j8la7.fr",,,"Acjùbzeajpùczhe","0355014273",,"16/07/2024","Membres actifs"
89,"Bpuèc Dzguxù","q2rxn63k@wnuym.fr",,,"Wqvmzvdlénsyànb","0196275404",,"16/07/2024","Membres actifs"
90,"Kzpzrzg Gwxtdah","eklbm884@56f9d.fr",,,"Clxyvàadcytbnàù","0796912389",,"16/07/2024","Membres actifs"
91,"Makhù Byjbrh","qe65kwuu@ayvdn.fr",,,"Ôzfwyàoitùzeqyé","0815373442",,"16/07/2024","Membres actifs"
92,"Éqjcg Nxwwgc","npmxramj@p8wt3.fr",,,"Fpôhgèkcwpvéimo","0301633157",,"16/07/2024","Membres actifs"
93,"Upcqgw Bljopno","avwkh02c@eoplp.fr",,,"Tdoôkwasfqùàeso","0283626894",,"16/07/2024","Membres actifs"
94,"Jlpncb Okvrsb","0s3fptu0@3ht55.fr",,,"Zkvcgflàgvmdxtr","0207411669","Oui","16/07/2024","Membres actifs"
95,"Xgxdhlc Éweeéàn","eemr50p9@q35xf.fr",,,"Iyjxrritàdôabùv","0998214424",,"16/07/2024","Membres actifs"
96,"Hàsqùw Gpjolgi","t9jr8rxg@8nxd9.fr",,,"Xbqùvoyèygiyikq","0815932763",,"16/07/2024","Membres actifs"
97,"Fzyuôb Poéyev","au7c7hmo@hwlkf.fr",,,"Vsnxururépàoàai","0868084066",,"16/07/2024","Membres actifs"
98,"Ôqùbdqv Rpréomi","jxhy1l6r@falaw.fr",,,"Èqblkqéôsaénvjd","0461476859",,"16/07/2024","Membres actifs"
99,"Ymrleaa Uggqwloz","4u325vdx@o9qs7.fr",,,"Orhieceocéyexkd","0463364943",,"16/07/2024","Membres actifs"
100,"Oiéqfxa Sssasél","eoqrvj7n@ue1wx.fr",,,"Lhvslkaôùùrùèet","0320798077",,"16/07/2024","Membres actifs"
101,"Dmiukd Bùifsèù","r5ddftxv@nnxso.fr",,,"Ugaàrùeèvpènmis","0714725204",,"16/07/2024","Membres actifs"
102,"Èdfalm Hpwgôo","bhbn63kc@hnpfz.fr",,,"Bocqjàlèzuéùiik","0628385217",,"16/07/2024","Membres actifs"
103,"Tzinnj Pdtija","hnp25x89@v52me.fr",,,"Snnckhnôbgqgiyl","0635232651","Oui","16/07/2024","Membres actifs"
104,"Eétùè Kpevàu","rur1wqfu@8ukx6.fr",,,"Evngèôèhkrzilvè","0578622411",,"16/07/2024","Membres actifs"
105,"Iùugqdo Unixlmè","w2c6eltr@5dwv8.fr",,,"Kôgddlxlkdwtwhù","0816107618",,"16/07/2024","Membres actifs"
106,"Ùwudrsa Pyèhrét","0qwpgqf7@q0bye.fr",,,"Iccèèohhôqèfmèh","0111657779",,"16/07/2024","Membres actifs"
113,"Zhamberlain Luuc","omxgfess@49i16.fr",,,,"0262474722",,"16/07/2024","Membres actifs"
115,"Lambert Paul","yoyu087s@u2mox.fr","2 rue des arbres","72005","Ebcrakùovqppeff","0875445356",,"02/02/2022","Membres actifs"
