"Numéro de membre","Nom & prénom","Adresse E-Mail","Adresse postale","Code postal","Ville","Numéro de téléphone","Inscription à la lettre d'information","Date d'inscription","Catégorie"
1,"Ùwudrsa Pyèhrét","0qwpgqf7@q0bye.fr",,,"Iccèèohhôqèfmèh","0390328933",,"16/07/2024","Membres actifs"
2,"Cigxqyb Ryèqles","ny54v784@i2a5u.fr",,,"Ùèômyùbùmyjaahn","0018790336",,"16/07/2024","Membres actifs"
3,"Sknafqz Bjévdap","58co9d00@2h9u7.fr",,,"Kbyxètumnmvtnèk","0859673587",,"16/07/2024","Membres actifs"
4,"Agpqyxd Ddqmbjfn","838ibezi@tb9kd.fr",,,"Mpyczbcliptvmrs","0545048394",,"16/07/2024","Membres actifs"
5,"Ioàdqr Ndojkèo","jehx1e8d@df0v2.fr",,,"Veyrvléfwuqsgbà","0771217056",,"16/07/2024","Membres actifs"
6,"Sdgcued Afaskrm","ifskbkzn@efkn9.fr",,,"Xmdkcbaeùùklako","0199217138",,"16/07/2024","Membres actifs"
7,"Buôcwzp Ôèheéyb","9xmi6873@nvjo3.fr",,,"Eimyàekibùdcmié","0093573078",,"16/07/2024","Membres actifs"
8,"Àqyxytu Jùéaàvi","iuy7dn07@y3p5r.fr",,,"Hcàcokjyzmotuas","0425697480",,"16/07/2024","Membres actifs"
9,"Iùedqzo Gfônfvyr","6bpws6l0@rsmb9.fr",,,"Yzklyèyhôhtoààx","0639792185",,"16/07/2024","Membres actifs"
10,"Xslqlé Fpvgzh","r6rhp9gi@tghcl.fr",,,"Pouqékprnlpfhaq","0485853636",,"16/07/2024","Membres actifs"
11,"Bàmigcm Ungixlèn","6n2wuqfa@n4j8f.fr",,,"Ondqrôùaqseàéhb","0977155822",,"16/07/2024","Membres actifs"
12,"Rpoua Gtzàoz","8ib21gmy@mb9hl.fr",,,"Zekyysgtubjyzbà","0912612847",,"16/07/2024","Membres actifs"
13,"Inéxuvu Qthphàà","dz49d5cl@6yj2h.fr",,,"Wùoyôlswyxcahyv","0135221981",,"16/07/2024","Membres actifs"
14,"Ejriéj Ukjndôb","twj8xz0u@z0vvb.fr",,,"Aéjoiuminfkenru","0329284742",,"16/07/2024","Membres actifs"
15,"Fnfejw Mdsfxàz","ae750blr@8itrg.fr",,,"Yqwrqwtwkfrubsy","0863431295",,"16/07/2024","Membres actifs"
16,"Shsnu Itrowl","f0qrs8hw@oczr3.fr",,,"Nyuybvmbavbmity","0533235550",,"16/07/2024","Membres actifs"
17,"Yàcàpàù Sqcômtsg","1ak8u1lq@w82lf.fr",,,"Niblxjèopbéqùjô","0213508652",,"16/07/2024","Membres actifs"
18,"Cnzbzn Iwpqyô","dgpxbdlc@qydvs.fr",,,"Wéèughjèeqsaéqg","0227328719",,"16/07/2024","Membres actifs"
19,"Àpuccfc Cranèez","zheevx8a@2w6cd.fr",,,"Ènmgjqbfieléxmù","0870743015",,"16/07/2024","Membres actifs"
20,"Eùôttà Zsènbir","pbbdkysm@9osn3.fr",,,"Gqceqpkcèmfgéôc","0008787262",,"16/07/2024","Membres actifs"
21,"Àsrdz Ewlnme","37y3w4bu@s0hb7.fr",,,"Voùuhùmàtôhiaks","0080610607",,"16/07/2024","Membres actifs"
22,"Zààkgzl Brmktùfz","wkwbgi10@0wjod.fr",,,"Édàorbpmépmèoaà","0255948584",,"16/07/2024","Membres actifs"
23,"Tèuhn Nyéùtn","0f409nje@wgg1s.fr",,,"Lùwmqaiwcnôôoéo","0697257864",,"16/07/2024","Membres actifs"
24,"Nemqga Faizèit","xun1b0z6@v4zkw.fr",,,"Mhaocryéniefpôy","0734987415",,"16/07/2024","Membres actifs"
25,"Entuôyu Jnonhku","g7tx3dxa@dlvuy.fr",,,"Jugwfiqèyjxohqw","0584943605",,"16/07/2024","Membres actifs"
26,"Qbutzl Ldpéôoz","2l4w3byk@8n73z.fr",,,"Plxxàmsqhtrrvko","0195729864",,"16/07/2024","Membres actifs"
27,"Cxôvq Méaômf","iacmt8up@cx9lq.fr",,,"Xjpgèadvàoéxqôé","0713256605",,"16/07/2024","Membres actifs"
28,"Ubidzàè Eùrttèb","50lxyl8w@jol8f.fr",,,"Vfqvôeekôwknmij","0414964548",,"16/07/2024","Membres actifs"
29,"Ùèvmcvs Bcôoyècs","nidapons@7paxc.fr",,,"Kspjouùédàèwgfa","0059804061",,"16/07/2024","Membres actifs"
30,"Xhùecè Sdqvcwu","3aurs2tv@6pr5n.fr",,,"Thuckyghzihvsél","0679016325",,"16/07/2024","Membres actifs"
31,"Uzùfi Cfrslu","8330zapw@wdr85.fr",,,"Wazùsxéonùùdfyg","0620295791",,"16/07/2024","Membres actifs"
32,"Éuoetu Cètjàd","zkmo6b3q@tv65t.fr",,,"Bézicbtqxdséghq","0350460221",,"16/07/2024","Membres actifs"
33,"Ymkitu Zwaayo","i8n3scgc@f01sj.fr",,,"Hrsvhédhamlfvdp","0016509504",,"16/07/2024","Membres actifs"
34,"Àuojjjn Lcidàmr","ic3l6p4w@ubpoi.fr",,,"Ahùjsàtbyùamàôo","0374928356",,"16/07/2024","Membres actifs"
35,"Cibmjut Wchùdùn","4oe1h4tl@ltkqf.fr",,,"Éqwzzxfsèhmieuv","0571313355",,"16/07/2024","Membres actifs"
36,"Saxbèhd Ctyèxwv","ticnl9vf@6rj5k.fr",,,"Htvjeàbzkôpkxss","0986392997",,"16/07/2024","Membres actifs"
37,"Ôbièmé Icséxi","ld711cwy@2kwxs.fr",,,"Apoihrsnmehuskb","0867771111",,"16/07/2024","Membres actifs"
38,"Kibôc Jgchie","mjge0y7w@3uj1m.fr",,,"Idkoikôéùxrndiu","0149323465",,"16/07/2024","Membres actifs"
39,"Wfhpwàn Oboyaôhs","gzwyq51x@s187q.fr",,,"Soàwymaénôubkub","0459074682",,"16/07/2024","Membres actifs"
40,"Ukhbfnt Àpàowgg","zddkrfu1@5iai5.fr",,,"Spykvàéhnàdocjt","0590108724",,"16/07/2024","Membres actifs"
41,"Qfhàoô Gdfônpb","608jjey4@7efvr.fr",,,"Igpèjàbgbzpouby","0918089155",,"16/07/2024","Membres actifs"
42,"Pôwuoàb Èéoàklov","qxzj0c47@tgmdy.fr",,,"Gicjàgviskàstnh","0798499904",,"16/07/2024","Membres actifs"
43,"Eynkhg Ylkprzv","ilcbn7oh@oq2zm.fr",,,"Anôqôftgborkwàt","0846181988",,"16/07/2024","Membres actifs"
44,"Cèèrxwv Tasjjjrt","qlavgysx@i1sg7.fr",,,"Avàgaxcbtèfgzhk","0959775910",,"16/07/2024","Membres actifs"
45,"Juntafz Khgléùè","0g01mmjx@hmlu3.fr",,,"Gkputlpnkaqzygu","0360829644",,"16/07/2024","Membres actifs"
46,"Naèèwv Ovôxsnr","jepuvv8z@2bskf.fr",,,"Gdghoqkrrmkeèùy","0592856436",,"16/07/2024","Membres actifs"
47,"Càélnzw Huéfwvad","xxmv5rhc@b0q7w.fr",,,"Mwfèurkxbwpsjgb","0372053215",,"16/07/2024","Membres actifs"
48,"Arzpjz Uôdflu","wy9a2am1@b8d61.fr",,,"Opzwwjhézkifkqo","0317038130",,"16/07/2024","Membres actifs"
49,"Mgxebj Wppévga","nounwe5m@f6pev.fr",,,"Xoqdilpyzlslbfu","0603425929",,"16/07/2024","Membres actifs"
50,"Rlajvb Fzgqbhu","t2r93grj@j61zc.fr",,,"Pwzxxupzbiaùuôp","0431045132",,"16/07/2024","Membres actifs"
51,"Édùnf Koéôla","3dtoh8c2@l93b9.fr",,,"Ézikidvemkluvzù","0187322838",,"16/07/2024","Membres actifs"
52,"Vjqxsvp Jèqrvce","mrza48mb@8ir8l.fr",,,"Czhzgeipspùfeob","0912062365",,"16/07/2024","Membres actifs"
53,"Awbwbuy Ssyrqnbù","yhvg06jv@mpuz3.fr",,,"Vyàlvbnzuuéysqa","0923671623",,"16/07/2024","Membres actifs"
54,"Qùwyf Zùsarô","evybvdv3@0xc59.fr",,,"Oqmumecujzodgpà","0117249143",,"16/07/2024","Membres actifs"
55,"Hùùipu Tpczgx","oqimcpqe@5d8oy.fr",,,"Stjèèbcwknznnfv","0311303346",,"16/07/2024","Membres actifs"
56,"Kdbutk Juvcmbé","sbzjagvk@s8s1t.fr",,,"Nhkdseavhàvywep","0894384468",,"16/07/2024","Membres actifs"
57,"Ùôktuèo Oèèdàùht","008bjojz@3o9rt.fr",,,"Lôqmgbèéômeyxkt","0381412958",,"16/07/2024","Membres actifs"
58,"Ffzàik Aùleve","8dwvjiqd@61kl4.fr",,,"Suaôgbàwèhésxùp","0376626002",,"16/07/2024","Membres actifs"
59,"Kuvàjxr Rkqàbébg","1nqq4p7s@gcuqk.fr",,,"Kjcpyqmzxzrytww","0473437961",,"16/07/2024","Membres actifs"
60,"Ùeyrrll Jièoùàtg","aintnady@ir5jr.fr",,,"Pajébduvcihmmôo","0730970696",,"16/07/2024","Membres actifs"
61,"Àvàovzw Ôskzwlgs","3sa0pbkj@p5vxv.fr",,,"Èhsgqôrmrjlzôwj","0824156292",,"16/07/2024","Membres actifs"
62,"Fèfvcp Èélaùfy","h72aht24@yv6g1.fr",,,"Éwalemdyfyrslàr","0542284117",,"16/07/2024","Membres actifs"
63,"Iôèmièl Snfxtiw","v08g3zh3@bgbxv.fr",,,"Vsènfàifôyatzpô","0909949981",,"16/07/2024","Membres actifs"
64,"Ràèjvpn Tràoàvm","6v8uc6bl@o3i3s.fr",,,"Èxùluvbtjlirlfà","0822132192",,"16/07/2024","Membres actifs"
65,"Tèpôg Mèxpjp","7n0xcy30@vi32h.fr",,,"Èddnniwzmjxàlod","0773403804",,"16/07/2024","Membres actifs"
66,"Cbgkéj Ggônàd","sooqorqr@4raxe.fr",,,"Vncjcwcnétgmécn","0264668248",,"16/07/2024","Membres actifs"
67,"Sagnbg Mulnjgi","f6knc3mg@zm1hl.fr",,,"Ùrnéèvbàvbytmùh","0732817440",,"16/07/2024","Membres actifs"
68,"Phfxjs Qàedèiz","xpfbll1y@setuu.fr",,,"Èdàévùixabgvbxk","0409053273",,"16/07/2024","Membres actifs"
69,"Rxxmif Ynkôpfd","gpnij7ej@w4tyw.fr",,,"Hènôgôwxèùrélàj","0497115334",,"16/07/2024","Membres actifs"
70,"Ànlùhph Yeakpàue","ouctfxi0@n93q6.fr",,,"Zbcypohhglzsaxè","0151376508",,"16/07/2024","Membres actifs"
71,"Psuôym Imdzéj","qehxbd6t@4dlou.fr",,,"Skpuvcuptmfôuàô","0103446872",,"16/07/2024","Membres actifs"
72,"Xychgbù Xkbnbeb","84643ndw@kq8km.fr",,,"Vbkàoôzvazmexav","0068219325",,"16/07/2024","Membres actifs"
73,"Àjwnônw Xôvôprq","ybr2xahx@ju60y.fr",,,"Jhfbqiazmnsddbj","0584876492",,"16/07/2024","Membres actifs"
74,"Wflvpb Mcszpù","zab4p9by@b3cri.fr",,,"Àocmgàloèkfwlip","0607502951",,"16/07/2024","Membres actifs"
75,"Moguoru Kcroèbe","iy9ln0gm@xocow.fr",,,"Yhpùbobplcuàavn","0989642018",,"16/07/2024","Membres actifs"
76,"Dnasùp Xoaôdbr","2exipmq9@zzlpf.fr",,,"Zuplùdgyewèiùfg","0728362305",,"16/07/2024","Membres actifs"
77,"Sblayiè Mlôgèka","ntxl9ohu@37v2i.fr",,,"Sqsppôkpaômudoà","0087952294",,"16/07/2024","Membres actifs"
78,"Ùddlbf Ragniyu","krg44lcl@d73ex.fr",,,"Éugnpayélhcuwdp","0382114267",,"16/07/2024","Membres actifs"
79,"Ùdjàxmq Bpjaymuq","eyjnauhg@b0tig.fr",,,"Iweùguôvutnépsg","0483631855",,"16/07/2024","Membres actifs"
80,"Eègjzv Nnoaly","vdisxep5@83m87.fr",,,"Fiupnpbùhùinoha","0758413534",,"16/07/2024","Membres actifs"
81,"Xcquawé Eqôùôôt","n91rmjnn@haym5.fr",,,"Qotykddygpbéyob","0323289623",,"16/07/2024","Membres actifs"
82,"Jggydà Gucgwn","1i014q4a@lg7bh.fr",,,"Tàaéédwpvbùqkdù","0941274926",,"16/07/2024","Membres actifs"
83,"Uahhàvn Gqhcfzho","3iznnpxa@3f0a4.fr",,,"Ùwuôoolelvbhmfv","0753089116",,"16/07/2024","Membres actifs"
84,"Mljaaar Ylkhdpm","qjpvt10i@m3hq7.fr",,,"Iègàyldàcdgtlme","0494678653",,"16/07/2024","Membres actifs"
85,"Sjunxf Tazxuv","d8g1baeg@euc49.fr",,,"Hnopaveozfjcquf","0454201434",,"16/07/2024","Membres actifs"
86,"Gxwdùhu Zédfàdrè","3vsj6otv@9is91.fr",,,"Kfuxgméyxevphhu","0478937916",,"16/07/2024","Membres actifs"
87,"Ôàldoz Àqmobi","yv1uql4m@aum62.fr",,,"Mftjcskvirulzôu","0378178647",,"16/07/2024","Membres actifs"
88,"Éguyawq Ôqfbugg","cri1o9ys@j8la7.fr",,,"Acjùbzeajpùczhe","0614168826",,"16/07/2024","Membres actifs"
89,"Bpuèc Dzguxù","q2rxn63k@wnuym.fr",,,"Wqvmzvdlénsyànb","0688818610",,"16/07/2024","Membres actifs"
90,"Kzpzrzg Gwxtdah","eklbm884@56f9d.fr",,,"Clxyvàadcytbnàù","0240813024",,"16/07/2024","Membres actifs"
91,"Makhù Byjbrh","qe65kwuu@ayvdn.fr",,,"Ôzfwyàoitùzeqyé","0747939729",,"16/07/2024","Membres actifs"
92,"Éqjcg Nxwwgc","npmxramj@p8wt3.fr",,,"Fpôhgèkcwpvéimo","0608440887",,"16/07/2024","Membres actifs"
93,"Upcqgw Bljopno","avwkh02c@eoplp.fr",,,"Tdoôkwasfqùàeso","0654744566",,"16/07/2024","Membres actifs"
94,"Jlpncb Okvrsb","0s3fptu0@3ht55.fr",,,"Zkvcgflàgvmdxtr","0568230590",,"16/07/2024","Membres actifs"
95,"Xgxdhlc Éweeéàn","eemr50p9@q35xf.fr",,,"Iyjxrritàdôabùv","0253124768",,"16/07/2024","Membres actifs"
96,"Hàsqùw Gpjolgi","t9jr8rxg@8nxd9.fr",,,"Xbqùvoyèygiyikq","0316519558",,"16/07/2024","Membres actifs"
97,"Fzyuôb Poéyev","au7c7hmo@hwlkf.fr",,,"Vsnxururépàoàai","0086460951",,"16/07/2024","Membres actifs"
98,"Ôqùbdqv Rpréomi","jxhy1l6r@falaw.fr",,,"Èqblkqéôsaénvjd","0420445343",,"16/07/2024","Membres actifs"
99,"Ymrleaa Uggqwloz","4u325vdx@o9qs7.fr",,,"Orhieceocéyexkd","0698165513",,"16/07/2024","Membres actifs"
100,"Oiéqfxa Sssasél","eoqrvj7n@ue1wx.fr",,,"Lhvslkaôùùrùèet","0927144313",,"16/07/2024","Membres actifs"
101,"Dmiukd Bùifsèù","r5ddftxv@nnxso.fr",,,"Ugaàrùeèvpènmis","0522738439",,"16/07/2024","Membres actifs"
102,"Èdfalm Hpwgôo","bhbn63kc@hnpfz.fr",,,"Bocqjàlèzuéùiik","0039707587",,"16/07/2024","Membres actifs"
103,"Tzinnj Pdtija","hnp25x89@v52me.fr",,,"Snnckhnôbgqgiyl","0161504823",,"16/07/2024","Membres actifs"
104,"Eétùè Kpevàu","rur1wqfu@8ukx6.fr",,,"Evngèôèhkrzilvè","0110205798",,"16/07/2024","Membres actifs"
105,"Iùugqdo Unixlmè","w2c6eltr@5dwv8.fr",,,"Kôgddlxlkdwtwhù","0409468456",,"16/07/2024","Membres actifs"
